,budget,genres,id,original_language,overview,popularity,release_date,revenue,runtime,spoken_languages,status,title,vote_average,vote_count,franquicia,productoras,release_year,retorno
0,30000000.0,"[{'id': 16, 'name': 'Animation'}, {'id': 35, 'name': 'Comedy'}, {'id': 10751, 'name': 'Family'}]",862,en,"Led by Woody, Andy's toys live happily in his room until Andy's birthday brings Buzz Lightyear onto the scene. Afraid of losing his place in Andy's heart, Woody plots against Buzz. But when circumstances separate Buzz and Woody from their owner, the duo eventually learns to put aside their differences.",21.946943,1995-10-30,373554033.0,81.0,"[{'iso_639_1': 'en', 'name': 'English'}]",Released,Toy Story,7.7,5415.0,Toy Story Collection,Pixar Animation Studios,1995,12.4518011
1,65000000.0,"[{'id': 12, 'name': 'Adventure'}, {'id': 14, 'name': 'Fantasy'}, {'id': 10751, 'name': 'Family'}]",8844,en,"When siblings Judy and Peter discover an enchanted board game that opens the door to a magical world, they unwittingly invite Alan -- an adult who's been trapped inside the game for 26 years -- into their living room. Alan's only hope for freedom is to finish the game, which proves risky as all three find themselves running from giant rhinoceroses, evil monkeys and other terrifying creatures.",17.015539,1995-12-15,262797249.0,104.0,"[{'iso_639_1': 'en', 'name': 'English'}, {'iso_639_1': 'fr', 'name': 'Français'}]",Released,Jumanji,6.9,2413.0,,"TriStar Pictures, Teitler Film, Interscope Communications",1995,4.0430346
2,0.0,"[{'id': 10749, 'name': 'Romance'}, {'id': 35, 'name': 'Comedy'}]",15602,en,"A family wedding reignites the ancient feud between next-door neighbors and fishing buddies John and Max. Meanwhile, a sultry Italian divorcée opens a restaurant at the local bait shop, alarming the locals who worry she'll scare the fish away. But she's less interested in seafood than she is in cooking up a hot time with Max.",11.7129,1995-12-22,0.0,101.0,"[{'iso_639_1': 'en', 'name': 'English'}]",Released,Grumpier Old Men,6.5,92.0,Grumpy Old Men Collection,"Warner Bros., Lancaster Gate",1995,0.0
3,16000000.0,"[{'id': 35, 'name': 'Comedy'}, {'id': 18, 'name': 'Drama'}, {'id': 10749, 'name': 'Romance'}]",31357,en,"Cheated on, mistreated and stepped on, the women are holding their breath, waiting for the elusive ""good man"" to break a string of less-than-stellar lovers. Friends and confidants Vannah, Bernie, Glo and Robin talk it all out, determined to find a better way to breathe.",3.859495,1995-12-22,81452156.0,127.0,"[{'iso_639_1': 'en', 'name': 'English'}]",Released,Waiting to Exhale,6.1,34.0,,Twentieth Century Fox Film Corporation,1995,5.09075975
4,0.0,"[{'id': 35, 'name': 'Comedy'}]",11862,en,"Just when George Banks has recovered from his daughter's wedding, he receives the news that she's pregnant ... and that George's wife, Nina, is expecting too. He was planning on selling their home, but that's a plan that -- like George -- will have to change with the arrival of both a grandchild and a kid of his own.",8.387519,1995-02-10,76578911.0,106.0,"[{'iso_639_1': 'en', 'name': 'English'}]",Released,Father of the Bride Part II,5.7,173.0,Father of the Bride Collection,"Sandollar Productions, Touchstone Pictures",1995,0.0
5,60000000.0,"[{'id': 28, 'name': 'Action'}, {'id': 80, 'name': 'Crime'}, {'id': 18, 'name': 'Drama'}, {'id': 53, 'name': 'Thriller'}]",949,en,"Obsessive master thief, Neil McCauley leads a top-notch crew on various insane heists throughout Los Angeles while a mentally unstable detective, Vincent Hanna pursues him without rest. Each man recognizes and respects the ability and the dedication of the other even though they are aware their cat-and-mouse game may end in violence.",17.924927,1995-12-15,187436818.0,170.0,"[{'iso_639_1': 'en', 'name': 'English'}, {'iso_639_1': 'es', 'name': 'Español'}]",Released,Heat,7.7,1886.0,,"Regency Enterprises, Forward Pass, Warner Bros.",1995,3.123946966666667
6,58000000.0,"[{'id': 35, 'name': 'Comedy'}, {'id': 10749, 'name': 'Romance'}]",11860,en,"An ugly duckling having undergone a remarkable change, still harbors feelings for her crush: a carefree playboy, but not before his business-focused brother has something to say about it.",6.677277,1995-12-15,0.0,127.0,"[{'iso_639_1': 'fr', 'name': 'Français'}, {'iso_639_1': 'en', 'name': 'English'}]",Released,Sabrina,6.2,141.0,,"Paramount Pictures, Scott Rudin Productions, Mirage Enterprises, Sandollar Productions, Constellation Entertainment, Worldwide, Mont Blanc Entertainment GmbH",1995,0.0
7,0.0,"[{'id': 28, 'name': 'Action'}, {'id': 12, 'name': 'Adventure'}, {'id': 18, 'name': 'Drama'}, {'id': 10751, 'name': 'Family'}]",45325,en,"A mischievous young boy, Tom Sawyer, witnesses a murder by the deadly Injun Joe. Tom becomes friends with Huckleberry Finn, a boy with no future and no family. Tom has to choose between honoring a friendship or honoring an oath because the town alcoholic is accused of the murder. Tom and Huck go through several adventures trying to retrieve evidence.",2.561161,1995-12-22,0.0,97.0,"[{'iso_639_1': 'en', 'name': 'English'}, {'iso_639_1': 'de', 'name': 'Deutsch'}]",Released,Tom and Huck,5.4,45.0,,Walt Disney Pictures,1995,0.0
8,35000000.0,"[{'id': 28, 'name': 'Action'}, {'id': 12, 'name': 'Adventure'}, {'id': 53, 'name': 'Thriller'}]",9091,en,"International action superstar Jean Claude Van Damme teams with Powers Boothe in a Tension-packed, suspense thriller, set against the back-drop of a Stanley Cup game.Van Damme portrays a father whose daughter is suddenly taken during a championship hockey game. With the captors demanding a billion dollars by game's end, Van Damme frantically sets a plan in motion to rescue his daughter and abort an impending explosion before the final buzzer...",5.23158,1995-12-22,64350171.0,106.0,"[{'iso_639_1': 'en', 'name': 'English'}]",Released,Sudden Death,5.5,174.0,,"Universal Pictures, Imperial Entertainment, Signature Entertainment",1995,1.8385763142857143
9,58000000.0,"[{'id': 12, 'name': 'Adventure'}, {'id': 28, 'name': 'Action'}, {'id': 53, 'name': 'Thriller'}]",710,en,James Bond must unmask the mysterious head of the Janus Syndicate and prevent the leader from utilizing the GoldenEye weapons system to inflict devastating revenge on Britain.,14.686036,1995-11-16,352194034.0,130.0,"[{'iso_639_1': 'en', 'name': 'English'}, {'iso_639_1': 'ru', 'name': 'Pусский'}, {'iso_639_1': 'es', 'name': 'Español'}]",Released,GoldenEye,6.6,1194.0,James Bond Collection,"United Artists, Eon Productions",1995,6.072310931034483
10,62000000.0,"[{'id': 35, 'name': 'Comedy'}, {'id': 18, 'name': 'Drama'}, {'id': 10749, 'name': 'Romance'}]",9087,en,"Widowed U.S. president Andrew Shepherd, one of the world's most powerful men, can have anything he wants -- and what he covets most is Sydney Ellen Wade, a Washington lobbyist. But Shepherd's attempts at courting her spark wild rumors and decimate his approval ratings.",6.318445,1995-11-17,107879496.0,106.0,"[{'iso_639_1': 'en', 'name': 'English'}]",Released,The American President,6.5,199.0,,"Columbia Pictures, Castle Rock Entertainment",1995,1.739991870967742
11,0.0,"[{'id': 35, 'name': 'Comedy'}, {'id': 27, 'name': 'Horror'}]",12110,en,"When a lawyer shows up at the vampire's doorstep, he falls prey to his charms and joins him in his search for fresh blood. Enter Dr. van Helsing, who may be the only one able to vanquish the count.",5.430331,1995-12-22,0.0,88.0,"[{'iso_639_1': 'en', 'name': 'English'}, {'iso_639_1': 'de', 'name': 'Deutsch'}]",Released,Dracula: Dead and Loving It,5.7,210.0,,"Columbia Pictures, Castle Rock Entertainment, Enigma Pictures",1995,0.0
12,0.0,"[{'id': 10751, 'name': 'Family'}, {'id': 16, 'name': 'Animation'}, {'id': 12, 'name': 'Adventure'}]",21032,en,"An outcast half-wolf risks his life to prevent a deadly epidemic from ravaging Nome, Alaska.",12.140733,1995-12-22,11348324.0,78.0,"[{'iso_639_1': 'en', 'name': 'English'}]",Released,Balto,7.1,423.0,Balto Collection,"Universal Pictures, Amblin Entertainment, Amblimation",1995,0.0
13,44000000.0,"[{'id': 36, 'name': 'History'}, {'id': 18, 'name': 'Drama'}]",10858,en,"An all-star cast powers this epic look at American President Richard M. Nixon, a man carrying the fate of the world on his shoulders while battling the self-destructive demands within. Spanning his troubled boyhood in California to the shocking Watergate scandal that would end his presidency.",5.092,1995-12-22,13681765.0,192.0,"[{'iso_639_1': 'en', 'name': 'English'}]",Released,Nixon,7.1,72.0,,"Hollywood Pictures, Cinergi Pictures Entertainment",1995,0.3109492045454545
14,98000000.0,"[{'id': 28, 'name': 'Action'}, {'id': 12, 'name': 'Adventure'}]",1408,en,"Morgan Adams and her slave, William Shaw, are on a quest to recover the three portions of a treasure map. Unfortunately, the final portion is held by her murderous uncle, Dawg. Her crew is skeptical of her leadership abilities, so she must complete her quest before they mutiny against her. This is made yet more difficult by the efforts of the British crown to end her pirate raids.",7.284477,1995-12-22,10017322.0,119.0,"[{'iso_639_1': 'en', 'name': 'English'}, {'iso_639_1': 'la', 'name': 'Latin'}]",Released,Cutthroat Island,5.7,137.0,,"Le Studio Canal+, Laurence Mark Productions, Metro-Goldwyn-Mayer (MGM), Carolco Pictures",1995,0.1022175714285714
15,52000000.0,"[{'id': 18, 'name': 'Drama'}, {'id': 80, 'name': 'Crime'}]",524,en,The life of the gambling paradise – Las Vegas – and its dark mafia underbelly.,10.137389,1995-11-22,116112375.0,178.0,"[{'iso_639_1': 'en', 'name': 'English'}]",Released,Casino,7.8,1343.0,,"Universal Pictures, Légende Entreprises, Syalis DA, De Fina-Cappa",1995,2.2329302884615383
16,16500000.0,"[{'id': 18, 'name': 'Drama'}, {'id': 10749, 'name': 'Romance'}]",4584,en,"Rich Mr. Dashwood dies, leaving his second wife and her daughters poor by the rules of inheritance. Two daughters are the titular opposites.",10.673167,1995-12-13,135000000.0,136.0,"[{'iso_639_1': 'en', 'name': 'English'}]",Released,Sense and Sensibility,7.2,364.0,,"Columbia Pictures Corporation, Mirage Enterprises",1995,8.181818181818182
17,4000000.0,"[{'id': 80, 'name': 'Crime'}, {'id': 35, 'name': 'Comedy'}]",5,en,It's Ted the Bellhop's first night on the job...and the hotel's very unusual guests are about to place him in some outrageous predicaments. It seems that this evening's room service is serving up one unbelievable happening after another.,9.026586,1995-12-09,4300000.0,98.0,"[{'iso_639_1': 'en', 'name': 'English'}]",Released,Four Rooms,6.5,539.0,,"Miramax Films, A Band Apart",1995,1.075
18,30000000.0,"[{'id': 80, 'name': 'Crime'}, {'id': 35, 'name': 'Comedy'}, {'id': 12, 'name': 'Adventure'}]",9273,en,"Summoned from an ashram in Tibet, Ace finds himself on a perilous journey into the jungles of Africa to find Shikaka, the missing sacred animal of the friendly Wachati tribe. He must accomplish this before the wedding of the Wachati's Princess to the prince of the warrior Wachootoos. If Ace fails, the result will be a vicious tribal war.",8.205448,1995-11-10,212385533.0,90.0,"[{'iso_639_1': 'en', 'name': 'English'}]",Released,Ace Ventura: When Nature Calls,6.1,1128.0,Ace Ventura Collection,"O Entertainment, Warner Bros., Morgan Creek Productions",1995,7.079517766666667
19,60000000.0,"[{'id': 28, 'name': 'Action'}, {'id': 35, 'name': 'Comedy'}, {'id': 80, 'name': 'Crime'}]",11517,en,"A vengeful New York transit cop decides to steal a trainload of subway fares; his foster brother, a fellow cop, tries to protect him.",7.337906,1995-11-21,35431113.0,103.0,"[{'iso_639_1': 'en', 'name': 'English'}]",Released,Money Train,5.4,224.0,,Columbia Pictures,1995,0.59051855
20,30250000.0,"[{'id': 35, 'name': 'Comedy'}, {'id': 53, 'name': 'Thriller'}, {'id': 80, 'name': 'Crime'}]",8012,en,"Chili Palmer is a Miami mobster who gets sent by his boss, the psychopathic ""Bones"" Barboni, to collect a bad debt from Harry Zimm, a Hollywood producer who specializes in cheesy horror films. When Chili meets Harry's leading lady, the romantic sparks fly. After pitching his own life story as a movie idea, Chili learns that being a mobster and being a Hollywood producer really aren't all that different.",12.669608,1995-10-20,115101622.0,105.0,"[{'iso_639_1': 'en', 'name': 'English'}]",Released,Get Shorty,6.4,305.0,Chili Palmer Collection,"Jersey Films, Metro-Goldwyn-Mayer (MGM)",1995,3.805012297520661
21,0.0,"[{'id': 18, 'name': 'Drama'}, {'id': 53, 'name': 'Thriller'}]",1710,en,An agoraphobic psychologist and a female detective must work together to take down a serial killer who copies serial killers from the past.,10.701801,1995-10-27,0.0,124.0,"[{'iso_639_1': 'en', 'name': 'English'}, {'iso_639_1': 'de', 'name': 'Deutsch'}]",Released,Copycat,6.5,199.0,,"Regency Enterprises, New Regency Pictures",1995,0.0
22,50000000.0,"[{'id': 28, 'name': 'Action'}, {'id': 12, 'name': 'Adventure'}, {'id': 80, 'name': 'Crime'}, {'id': 53, 'name': 'Thriller'}]",9691,en,"Assassin Robert Rath arrives at a funeral to kill a prominent mobster, only to witness a rival hired gun complete the job for him -- with grisly results. Horrified by the murder of innocent bystanders, Rath decides to take one last job and then return to civilian life. But finding his way out of the world of contract killing grows ever more dangerous as Rath falls for his female target and becomes a marked man himself.",11.065939,1995-10-06,30303072.0,132.0,"[{'iso_639_1': 'en', 'name': 'English'}, {'iso_639_1': 'es', 'name': 'Español'}, {'iso_639_1': 'nl', 'name': 'Nederlands'}]",Released,Assassins,6.0,394.0,,"Silver Pictures, Canal+, Warner Bros., Dino De Laurentiis Company, Donner/Shuler-Donner Productions, Evansgideon/Lazar",1995,0.60606144
23,0.0,"[{'id': 18, 'name': 'Drama'}, {'id': 14, 'name': 'Fantasy'}, {'id': 878, 'name': 'Science Fiction'}, {'id': 53, 'name': 'Thriller'}]",12665,en,"Harassed by classmates who won't accept his shocking appearance, a shy young man known as ""Powder"" struggles to fit in. But the cruel taunts stop when Powder displays a mysterious power that allows him to do incredible things. This phenomenon changes the lives of all those around him in ways they never could have imagined.",12.133094,1995-10-27,0.0,111.0,"[{'iso_639_1': 'en', 'name': 'English'}]",Released,Powder,6.3,143.0,,"Caravan Pictures, Hollywood Pictures",1995,0.0
24,3600000.0,"[{'id': 18, 'name': 'Drama'}, {'id': 10749, 'name': 'Romance'}]",451,en,"Ben Sanderson, an alcoholic Hollywood screenwriter who lost everything because of his drinking, arrives in Las Vegas to drink himself to death. There, he meets and forms an uneasy friendship and non-interference pact with prostitute Sera.",10.332025,1995-10-27,49800000.0,112.0,"[{'iso_639_1': 'en', 'name': 'English'}]",Released,Leaving Las Vegas,7.1,365.0,,"United Artists, Intial Productions",1995,13.833333333333334
25,0.0,"[{'id': 18, 'name': 'Drama'}]",16420,en,The evil Iago pretends to be friend of Othello in order to manipulate him to serve his own end in the film version of this Shakespeare classic.,1.845899,1995-12-15,0.0,123.0,"[{'iso_639_1': 'en', 'name': 'English'}]",Released,Othello,7.0,33.0,,"Columbia Pictures, Castle Rock Entertainment",1995,0.0
26,12000000.0,"[{'id': 35, 'name': 'Comedy'}, {'id': 18, 'name': 'Drama'}, {'id': 10751, 'name': 'Family'}]",9263,en,"Waxing nostalgic about the bittersweet passage from childhood to puberty in this tender coming-of-age tale, four childhood girlfriends -- Teeny, Chrissy, Samantha and Roberta -- recall the magical summer of 1970. During their walk down memory lane, they reconcile experiences with boys, secrets, bullies and more.",8.681325,1995-10-20,27400000.0,100.0,"[{'iso_639_1': 'en', 'name': 'English'}]",Released,Now and Then,6.6,91.0,,New Line Cinema,1995,2.283333333333333
27,0.0,"[{'id': 18, 'name': 'Drama'}, {'id': 10749, 'name': 'Romance'}]",17015,en,"This film adaptation of Jane Austen's last novel follows Anne Elliot, the daughter of a financially troubled aristocratic family, who is persuaded to break her engagement to Frederick Wentworth, a young sea captain of meager means. Years later, money troubles force Anne's father to rent out the family estate to Admiral Croft, and Anne is again thrown into company with Frederick -- who is now rich, successful and perhaps still in love with Anne.",2.228434,1995-09-27,0.0,104.0,"[{'iso_639_1': 'en', 'name': 'English'}]",Released,Persuasion,7.4,36.0,,BBC Films,1995,0.0
28,18000000.0,"[{'id': 14, 'name': 'Fantasy'}, {'id': 878, 'name': 'Science Fiction'}, {'id': 12, 'name': 'Adventure'}]",902,fr,"A scientist in a surrealist society kidnaps children to steal their dreams, hoping that they slow his aging process.",9.822423,1995-05-16,1738611.0,108.0,"[{'iso_639_1': 'cn', 'name': '广州话 / 廣州話'}, {'iso_639_1': 'fr', 'name': 'Français'}]",Released,The City of Lost Children,7.6,308.0,,,1995,0.0965895
29,0.0,"[{'id': 18, 'name': 'Drama'}, {'id': 80, 'name': 'Crime'}]",37557,zh,A provincial boy related to a Shanghai crime family is recruited by his uncle into cosmopolitan Shanghai in the 1930s to be a servant to a ganglord's mistress.,1.100915,1995-04-30,0.0,108.0,"[{'iso_639_1': 'zh', 'name': '普通话'}]",Released,Shanghai Triad,6.5,17.0,,"Ministère des Affaires Étrangères, Alpha Films, La Sept Cinéma",1995,0.0
30,0.0,"[{'id': 18, 'name': 'Drama'}, {'id': 80, 'name': 'Crime'}]",9909,en,"Former Marine Louanne Johnson lands a gig teaching in a pilot program for bright but underachieving teens at a notorious inner-city high school. After having a terrible first day, she decides she must throw decorum to the wind. When Johnson returns to the classroom, she does so armed with a no-nonsense attitude informed by her military training and a fearless determination to better the lives of her students -- no matter what the cost.",9.481338,1995-08-11,180000000.0,99.0,"[{'iso_639_1': 'en', 'name': 'English'}]",Released,Dangerous Minds,6.4,249.0,,"Hollywood Pictures, Via Rosa Productions, Don Simpson/Jerry Bruckheimer Films",1995,0.0
31,29500000.0,"[{'id': 878, 'name': 'Science Fiction'}, {'id': 53, 'name': 'Thriller'}, {'id': 9648, 'name': 'Mystery'}]",63,en,"In the year 2035, convict James Cole reluctantly volunteers to be sent back in time to discover the origin of a deadly virus that wiped out nearly all of the earth's population and forced the survivors into underground communities. But when Cole is mistakenly sent to 1990 instead of 1996, he's arrested and locked up in a mental hospital. There he meets psychiatrist Dr. Kathryn Railly, and patient Jeffrey Goines, the son of a famous virus expert, who may hold the key to the mysterious rogue group, the Army of the 12 Monkeys, thought to be responsible for unleashing the killer disease.",12.297305,1995-12-29,168840000.0,129.0,"[{'iso_639_1': 'en', 'name': 'English'}, {'iso_639_1': 'fr', 'name': 'Français'}]",Released,Twelve Monkeys,7.4,2470.0,,"Universal Pictures, Atlas Entertainment, Classico",1995,5.7233898305084745
32,0.0,"[{'id': 10749, 'name': 'Romance'}, {'id': 12, 'name': 'Adventure'}]",78802,fr,,0.745542,1996-09-18,0.0,50.0,"[{'iso_639_1': 'en', 'name': 'English'}]",Released,Wings of Courage,6.8,4.0,,Iwerks Entertainment,1996,0.0
33,30000000.0,"[{'id': 14, 'name': 'Fantasy'}, {'id': 18, 'name': 'Drama'}, {'id': 35, 'name': 'Comedy'}, {'id': 10751, 'name': 'Family'}]",9598,en,"Babe is a little pig who doesn't quite know his place in the world. With a bunch of odd friends, like Ferdinand the duck who thinks he is a rooster and Fly the dog he calls mom, Babe realizes that he has the makings to become the greatest sheep pig of all time, and Farmer Hogget knows it. With the help of the sheep dogs Babe learns that a pig can be anything that he wants to be.",14.404764,1995-07-18,254134910.0,89.0,"[{'iso_639_1': 'en', 'name': 'English'}]",Released,Babe,6.0,756.0,Babe Collection,"Universal Pictures, Kennedy Miller Productions",1995,8.471163666666667
34,0.0,"[{'id': 36, 'name': 'History'}, {'id': 18, 'name': 'Drama'}, {'id': 10749, 'name': 'Romance'}]",47018,en,"The story of the relationship between painter Dora Carrington and author Lytton Strachey in a World War One England of cottages and countryside. Although platonic due to Strachey's homosexuality, the relationship was nevertheless a deep and complicated one. When Carrington did develop a more physical relationship with soldier Ralph Partridge, Strachey was able to welcome him as a friend, although Partridge remained somewhat uneasy, not so much with Strachey's lifestyle and sexual orientation as with the fact that he was a conscientious objector.",1.493361,1995-11-08,0.0,121.0,"[{'iso_639_1': 'en', 'name': 'English'}]",Released,Carrington,6.4,16.0,,"StudioCanal, Cinéa, Euston Films, Freeway Films, European Co-production Fund, Polygram Filmed Entertainment, Orsans Productions",1995,0.0
35,11000000.0,"[{'id': 18, 'name': 'Drama'}]",687,en,A justice drama based on a true story about a man on death row who in his last days forms a strong relationship with a nun who teaches him forgiveness and gives him spirituality as she accompanies him to his execution. Susan Sarandon won an Oscar for best female actress for her convincing portrayal of Sister Helen Prejean.,6.891317,1995-12-29,39363635.0,122.0,"[{'iso_639_1': 'en', 'name': 'English'}]",Released,Dead Man Walking,7.3,350.0,,"Havoc, PolyGram Filmed Entertainment, Working Title Films",1995,3.5785122727272727
36,0.0,"[{'id': 12, 'name': 'Adventure'}, {'id': 36, 'name': 'History'}, {'id': 18, 'name': 'Drama'}, {'id': 10751, 'name': 'Family'}]",139405,en,"A young Russian boy, Thomas Minton, travels to New York as a passenger on a Russian freighter. Close to Ellis Island he gets off and thus starts his journey to America the same way as all immigrants in former times. Thomas is searching for the family of one of his ancestors, who had emigrated decades ago, but once sent a letter home together with a sample of his new profession: 3D-Photography. The boy follows his relative's traces by counter-checking the old 3D-Photographs of New York (using an antique viewer) with the same places and how they look today. This way, the audience gets to see the Big Apple in former times as well as today.",0.114469,1995-10-20,0.0,51.0,"[{'iso_639_1': 'ru', 'name': 'Pусский'}, {'iso_639_1': 'en', 'name': 'English'}]",Released,Across the Sea of Time,3.5,2.0,,Sony New Technologies,1995,0.0
37,0.0,"[{'id': 35, 'name': 'Comedy'}, {'id': 10751, 'name': 'Family'}, {'id': 10749, 'name': 'Romance'}]",33689,en,"Identical 9-year-olds from very different backgrounds: orphaned Amanda and wealthy Alyssa meet at summer camp and decide to switch places -- and play matchmaker between Alyssa's dad, Roger, and the kind social worker who cares for Amanda.",7.777735,1995-11-17,0.0,101.0,"[{'iso_639_1': 'en', 'name': 'English'}]",Released,It Takes Two,6.1,149.0,,"Dualstar Productions, Warner Bros., Rysher Entertainment, Orr & Cruickshank",1995,0.0
38,12000000.0,"[{'id': 35, 'name': 'Comedy'}, {'id': 18, 'name': 'Drama'}, {'id': 10749, 'name': 'Romance'}]",9603,en,"Shallow, rich and socially successful Cher is at the top of her Beverly Hills high school's pecking scale. Seeing herself as a matchmaker, Cher first coaxes two teachers into dating each other. Emboldened by her success, she decides to give hopelessly klutzy new student Tai a makeover. When Tai becomes more popular than she is, Cher realizes that her disapproving ex-stepbrother was right about how misguided she was -- and falls for him.",9.882383,1995-07-19,0.0,97.0,"[{'iso_639_1': 'es', 'name': 'Español'}, {'iso_639_1': 'en', 'name': 'English'}]",Released,Clueless,6.9,828.0,,Paramount Pictures,1995,0.0
39,0.0,"[{'id': 18, 'name': 'Drama'}]",34615,en,A South-African preacher goes to search for his wayward son who has committed a crime in the big city.,0.894647,1995-12-15,676525.0,106.0,"[{'iso_639_1': 'en', 'name': 'English'}]",Released,"Cry, the Beloved Country",6.7,13.0,,"Miramax, Distant Horizon, Alpine Pty Limited",1995,0.0
40,0.0,"[{'id': 18, 'name': 'Drama'}, {'id': 10752, 'name': 'War'}]",31174,en,Shakespeare's Play transplanted into a 1930s setting.,4.561387,1995-12-29,0.0,104.0,"[{'iso_639_1': 'en', 'name': 'English'}]",Released,Richard III,6.9,50.0,,"British Screen, Mayfair Entertainment International",1995,0.0
41,10000000.0,"[{'id': 28, 'name': 'Action'}, {'id': 80, 'name': 'Crime'}, {'id': 18, 'name': 'Drama'}, {'id': 36, 'name': 'History'}]",11443,en,"Depicts a heist of old bills, retired from circulation and destined by the government to be ""money to burn"". However, more broadly, it addresses the issues of Black Americans' involvement in the Vietnam War and their subsequent disillusionment with progress in social issues and civil rights back home in the United States, during the 1960s.",9.87957,1995-10-06,0.0,119.0,"[{'iso_639_1': 'en', 'name': 'English'}]",Released,Dead Presidents,6.6,80.0,,"Caravan Pictures, Underworld Entertainment, Hollywood Pictures",1995,0.0
42,19000000.0,"[{'id': 18, 'name': 'Drama'}, {'id': 10749, 'name': 'Romance'}]",35196,en,"An aspiring young physician, Robert Merivel found himself in the service of King Charles II and saves the life of someone close to the King. Merivel joins the King's court and lives the high life provided to someone of his position. Merivel is ordered to marry his King's mistress in order to divert the queens suspicions. He is given one order by the king and that is not to fall in love. The situation worsens when Merivel finds himself in love with his new wife. Eventually, the King finds out and relieves Merivel of his position and wealth. His fall from grace leaves Merivel where he first started. And through his travels and reunions with an old friend, he rediscovers his love for true medicine and what it really means to be a physician.",10.979269,1995-12-29,0.0,117.0,"[{'iso_639_1': 'en', 'name': 'English'}, {'iso_639_1': 'es', 'name': 'Español'}]",Released,Restoration,6.3,30.0,,Miramax Films,1995,0.0
43,18000000.0,"[{'id': 28, 'name': 'Action'}, {'id': 14, 'name': 'Fantasy'}]",9312,en,"For nine generations an evil sorcerer has been victorious in hand-to-hand battle against his mortal enemies. If he wins a tenth Mortal Kombat tournament, desolation and evil will reign over the multiverse forever. To save Earth, three warriors must overcome seemingly insurmountable odds, their own inner demons, and superhuman foes in this action/adventure movie based on one of the most popular video games of all time.",10.870138,1995-08-18,122195920.0,101.0,"[{'iso_639_1': 'en', 'name': 'English'}]",Released,Mortal Kombat,5.4,452.0,Mortal Kombat Collection,"New Line Cinema, Threshold Entertainment",1995,6.788662222222222
44,20000000.0,"[{'id': 14, 'name': 'Fantasy'}, {'id': 18, 'name': 'Drama'}, {'id': 35, 'name': 'Comedy'}, {'id': 53, 'name': 'Thriller'}]",577,en,"Susan wants to work in television and will therefore do anything it takes, even if it means killing her husband. A very dark comedy from independent director Gus Van Sant with a brilliant Nicole Kidman in the leading role.",10.448481,1995-05-20,21284514.0,106.0,"[{'iso_639_1': 'en', 'name': 'English'}]",Released,To Die For,6.7,177.0,,"The Rank Organisation, Columbia Pictures Corporation",1995,1.0642257
45,10000000.0,"[{'id': 18, 'name': 'Drama'}, {'id': 10749, 'name': 'Romance'}]",11861,en,"Soon-to-be-wed graduate student Finn Dodd develops cold feet when she suspects her fiancé is cheating on her. In order to clear her head, Finn visits her grandmother, Hy, and great aunt, Glady Joe Cleary, in Grasse, Calif. There, Finn learns that Hy and Glady Joe are members of a group of passionate quilters, and over the course of her visit she is regaled with tales of love and life by women who have collected rich experiences and much wisdom.",4.485958,1995-10-06,23574130.0,116.0,"[{'iso_639_1': 'en', 'name': 'English'}]",Released,How To Make An American Quilt,6.5,38.0,,"Universal Pictures, Amblin Entertainment",1995,2.357413
46,33000000.0,"[{'id': 80, 'name': 'Crime'}, {'id': 9648, 'name': 'Mystery'}, {'id': 53, 'name': 'Thriller'}]",807,en,"Two homicide detectives are on a desperate hunt for a serial killer whose crimes are based on the ""seven deadly sins"" in this dark and haunting film that takes viewers from the tortured remains of one victim to the next. The seasoned Det. Sommerset researches each sin in an effort to get inside the killer's mind, while his novice partner, Mills, scoffs at his efforts to unravel the case.",18.45743,1995-09-22,327311859.0,127.0,"[{'iso_639_1': 'en', 'name': 'English'}]",Released,Se7en,8.1,5915.0,,"New Line Cinema, Juno Pix, Cecchi Gori Pictures",1995,9.91854118181818
47,55000000.0,"[{'id': 12, 'name': 'Adventure'}, {'id': 16, 'name': 'Animation'}, {'id': 18, 'name': 'Drama'}, {'id': 10751, 'name': 'Family'}]",10530,en,"History comes gloriously to life in Disney's epic animated tale about love and adventure in the New World. Pocahontas is a Native American woman whose father has arranged for her to marry her village's best warrior. But a vision tells her change is coming, and soon she comes face to face with it in the form of Capt. John Smith.",13.280069,1995-06-14,346079773.0,81.0,"[{'iso_639_1': 'en', 'name': 'English'}]",Released,Pocahontas,6.7,1509.0,Pocahontas Collection,"Walt Disney Pictures, Walt Disney Feature Animation",1995,6.292359509090909
48,0.0,"[{'id': 18, 'name': 'Drama'}, {'id': 10749, 'name': 'Romance'}]",8391,en,"A prudish woman, working on tenure as a literacy professor at a large urban university, finds herself strangely attracted to a free-spirited, liberal woman whom works at a local carnival which comes to town.",3.302524,1995-05-05,0.0,96.0,"[{'iso_639_1': 'en', 'name': 'English'}]",Released,When Night Is Falling,5.9,10.0,,Alliance Communications Corporation,1995,0.0
49,6000000.0,"[{'id': 18, 'name': 'Drama'}, {'id': 80, 'name': 'Crime'}, {'id': 53, 'name': 'Thriller'}]",629,en,"Held in an L.A. interrogation room, Verbal Kint attempts to convince the feds that a mythic crime lord, Keyser Soze, not only exists, but was also responsible for drawing him and his four partners into a multi-million dollar heist that ended with an explosion in San Pedro harbor – leaving few survivors. Verbal lures his interrogators with an incredible story of the crime lord's almost supernatural prowess.",16.302466,1995-07-19,23341568.0,106.0,"[{'iso_639_1': 'es', 'name': 'Español'}, {'iso_639_1': 'en', 'name': 'English'}, {'iso_639_1': 'fr', 'name': 'Français'}, {'iso_639_1': 'hu', 'name': 'Magyar'}]",Released,The Usual Suspects,8.1,3334.0,,"Blue Parrot Productions, Bad Hat Harry Productions",1995,3.890261333333333
50,0.0,"[{'id': 28, 'name': 'Action'}, {'id': 53, 'name': 'Thriller'}, {'id': 18, 'name': 'Drama'}]",117164,en,"Detective - turned - bodyguard Cynthia McKay (Cynthia Rothrock) is hired by a psychotic icy seductress, Nina Lindell (Lydie Denier), the same woman who killed Mckay's lover months earlier.  With vendetta in her heart McKay accompanies the flamboyantly playful womanizer through the glamourous world of the super-rich as his protector.  In a unique role reversal, it is the woman protecting the man from another woman, erupting into a deadly triangle of passion, suspense and action.",0.595949,1994-11-22,0.0,93.0,[],Released,Guardian Angel,6.3,3.0,,,1994,0.0
51,15000000.0,"[{'id': 35, 'name': 'Comedy'}, {'id': 10749, 'name': 'Romance'}]",11448,en,"When Lenny and his wife, Amanda, adopt a baby, Lenny realizes that his son is a genius and becomes obsessed with finding the boy's biological mother in hopes that she will be brilliant too. But when he learns that Max's mother is Linda Ash, a kindhearted prostitute and porn star, Lenny is determined to reform her immoral lifestyle. A Greek chorus chimes in to relate the plot to Greek mythology in this quirky comedy.",15.899134,1995-09-13,6700000.0,95.0,"[{'iso_639_1': 'en', 'name': 'English'}]",Released,Mighty Aphrodite,6.7,145.0,,"Miramax Films, Magnolia Pictures",1995,0.4466666666666666
52,0.0,"[{'id': 18, 'name': 'Drama'}, {'id': 10769, 'name': 'Foreign'}]",49133,it,"Fiore, an Italian conman, arrives in post Communist Albania with Gino, his young apprentice, to set up a shoe factory that will never open. The con requires a native Albanian, so they designate Spiro, an impoverished and confused former political prisoner as chairman of the board. When Fiore returns to Italy to get government funds for the project, Spiro unexpectedly disappears and Gino sets out on a journey to find him. The search leads him to discover Spiro's tragic personal history and witness Albanian poverty firsthand.",1.361286,1994-01-01,0.0,116.0,"[{'iso_639_1': 'sq', 'name': 'shqip'}, {'iso_639_1': 'it', 'name': 'Italiano'}]",Released,Lamerica,7.7,11.0,,,1994,0.0
53,0.0,"[{'id': 28, 'name': 'Action'}, {'id': 12, 'name': 'Adventure'}, {'id': 35, 'name': 'Comedy'}, {'id': 10751, 'name': 'Family'}]",26441,en,"In a depressed Texas town, British foreign exchange teacher Anna attempts to inject some life into her hopeless kids by introducing them to soccer. They're terrible at first, but Anna and her football-hero assistant whip them into shape. As they work overtime, the pair help kids build their self-esteem and also get involved in solving family squabbles.",5.982764,1995-09-29,0.0,100.0,"[{'iso_639_1': 'en', 'name': 'English'}, {'iso_639_1': 'de', 'name': 'Deutsch'}]",Released,The Big Green,5.2,41.0,,"Walt Disney Pictures, Caravan Pictures",1995,0.0
54,0.0,"[{'id': 18, 'name': 'Drama'}]",97406,en,"Sadie looks up to her older sister Georgia, a successful folk singer who's happily married with children, but can't break out of the bar-band circuit and hit the big time she desperately covets. It's in part due to her attraction to drugs and booze, and also to her own unwise choice in men. Finally, though, Sadie's Achilles heel is a rough, unlovely voice very different than her sister's crowd-pleasing singing.",4.093443,1995-05-19,0.0,115.0,"[{'iso_639_1': 'en', 'name': 'English'}]",Released,Georgia,6.1,15.0,,"Miramax Films, CiBy 2000",1995,0.0
55,0.0,[],124057,en,"Set in modern times, Alex finds King Arthur's sword Excalibur and must prove himself worthy of it.",0.307075,1997-07-08,0.0,89.0,"[{'iso_639_1': 'en', 'name': 'English'}]",Released,Kids of the Round Table,3.0,1.0,,"Telefilm Canada, Melenny Productions",1997,0.0
56,0.0,"[{'id': 35, 'name': 'Comedy'}, {'id': 18, 'name': 'Drama'}, {'id': 10749, 'name': 'Romance'}]",9089,en,"After losing her job, making out with her soon to be ex-boss, and finding out that her daughter plans to spend Thanksgiving with her boyfriend, Claudia Larson has to face spending the holiday with her family. She wonders if she can survive their crazy antics.",8.416802,1995-11-02,17519169.0,103.0,"[{'iso_639_1': 'en', 'name': 'English'}, {'iso_639_1': 'es', 'name': 'Español'}]",Released,Home for the Holidays,6.3,39.0,,"Paramount Pictures, Egg Pictures, PolyGram Filmed Entertainment",1995,0.0
57,0.0,"[{'id': 35, 'name': 'Comedy'}, {'id': 18, 'name': 'Drama'}, {'id': 10749, 'name': 'Romance'}]",11010,it,Simple Italian postman learns to love poetry while delivering mail to a famous poet; he uses this to woo local beauty Beatrice.,10.168437,1994-09-22,0.0,108.0,"[{'iso_639_1': 'it', 'name': 'Italiano'}, {'iso_639_1': 'es', 'name': 'Español'}]",Released,The Postman,7.6,181.0,,,1994,0.0
58,0.0,"[{'id': 53, 'name': 'Thriller'}, {'id': 18, 'name': 'Drama'}, {'id': 9648, 'name': 'Mystery'}]",99040,fr,"The year is 1952, in Quebec City. Rachel (16), unmarried and pregnant, works in the church. Filled with shame, she unburdens her guilt to a young priest, under the confidentiality of the confessional. In the present year of 1989, Pierre Lamontagne has returned to Quebec to attend his father's funeral. He meets up with his adopted brother, Marc, who has begun questioning his identity and has embarked on a quest for his roots that would lead them to the Quebec of the 1950s. Past and present converge in a complex web of intrigue where the answer to the mystery lies.",0.120789,1995-09-29,0.0,100.0,"[{'iso_639_1': 'en', 'name': 'English'}, {'iso_639_1': 'fr', 'name': 'Français'}]",Released,The Confessional,6.5,2.0,,,1995,0.0
59,45000000.0,"[{'id': 12, 'name': 'Adventure'}, {'id': 10751, 'name': 'Family'}, {'id': 14, 'name': 'Fantasy'}]",11359,en,A nine-year-old boy gets a plastic Indian and a cupboard for his birthday and finds himself involved in adventure when the Indian comes to life and befriends him.,10.673296,1995-07-14,0.0,96.0,"[{'iso_639_1': 'en', 'name': 'English'}]",Released,The Indian in the Cupboard,5.9,136.0,,"Paramount Pictures, Columbia Pictures Corporation, The Kennedy/Marshall Company",1995,0.0
60,20000000.0,"[{'id': 18, 'name': 'Drama'}, {'id': 53, 'name': 'Thriller'}]",17182,en,"It's fire and brimstone time as grieving mother Karen McCann takes justice into her own hands when a kangaroo court in Los Angeles fails to convict Robert Doob, the monster who raped and murdered her 17-year-old daughter.",4.733526,1996-01-12,0.0,101.0,"[{'iso_639_1': 'en', 'name': 'English'}, {'iso_639_1': 'fr', 'name': 'Français'}, {'iso_639_1': 'ko', 'name': '한국어/조선말'}, {'iso_639_1': 'es', 'name': 'Español'}]",Released,Eye for an Eye,5.8,65.0,,Paramount Pictures,1996,0.0
61,0.0,"[{'id': 10402, 'name': 'Music'}, {'id': 18, 'name': 'Drama'}, {'id': 10751, 'name': 'Family'}]",2054,en,"In 1965, passionate musician Glenn Holland takes a day job as a high school music teacher, convinced it's just a small obstacle on the road to his true calling: writing a historic opus. As the decades roll by with the composition unwritten but generations of students inspired through his teaching, Holland must redefine his life's purpose.",7.137117,1995-12-29,106269971.0,137.0,"[{'iso_639_1': 'en', 'name': 'English'}]",Released,Mr. Holland's Opus,6.9,115.0,,"Hollywood Pictures, The Charlie Mopic Company, PolyGram Filmed Entertainment, Interscope Communications",1995,0.0
62,0.0,"[{'id': 35, 'name': 'Comedy'}]",10607,en,"When Ashtray (Shawn Wayans) moves to South Central L.A. to live with his father (who appears to be the same age he is) and grandmother (who likes to talk tough and smoke reefer), he falls in with his gang-banging cousin Loc Dog (Marlon Wayans), who along with the requisite pistols and Uzi carries a thermo-nuclear warhead for self-defense. Will Ashtray be able to keep living the straight life?",11.700115,1996-01-12,0.0,89.0,"[{'iso_639_1': 'en', 'name': 'English'}, {'iso_639_1': 'es', 'name': 'Español'}]",Released,Don't Be a Menace to South Central While Drinking Your Juice in the Hood,6.2,192.0,,"Miramax Films, Island Pictures, Ivory Way Productions",1996,0.0
63,0.0,"[{'id': 35, 'name': 'Comedy'}, {'id': 10749, 'name': 'Romance'}]",19760,en,"Frank O'Brien, a petty thief, and his 7-year-long girlfriend Roz want to put an end to their unsteady lifestyle and just do that last job, which involves stealing a valuable painting. Frank takes Roz to an island on the coast of New England, where he wants to sell the painting and also hopes that their sagging relationship will get a positive push back up. Not everything goes as planned.",2.174487,1996-01-12,0.0,96.0,"[{'iso_639_1': 'en', 'name': 'English'}]",Released,Two If by Sea,4.5,14.0,,"Warner Bros., Morgan Creek Productions",1996,0.0
64,15000000.0,"[{'id': 35, 'name': 'Comedy'}]",9536,en,"Bud and Doyle are two losers who are doing nothing with their lives. Both of their girlfriends are actively involved in saving the environment, but the two friends couldn't care less about saving the Earth. One day, when a group of scientists begin a mission to live inside a ""Bio-Dome"" for a year without outside contact, Bud and Doyle mistakenly become part of the project themselves.",6.387469,1996-01-12,0.0,88.0,"[{'iso_639_1': 'en', 'name': 'English'}, {'iso_639_1': 'ru', 'name': 'Pусский'}]",Released,Bio-Dome,4.4,110.0,,"Metro-Goldwyn-Mayer (MGM), Motion Picture Corporation of America (MPCA), 3 Arts Entertainment, Weasel Productions",1996,0.0
65,0.0,"[{'id': 28, 'name': 'Action'}, {'id': 878, 'name': 'Science Fiction'}]",11525,en,"Jobe is resuscitated by Jonathan Walker. He wants Jobe to create a special computer chip that would connect all the computers in the world into one network, which Walker would control and use. But what Walker doesn't realize is a group of teenage hackers are on to him and out to stop his plan.",2.49535,1996-01-12,2409225.0,92.0,"[{'iso_639_1': 'en', 'name': 'English'}, {'iso_639_1': 'hu', 'name': 'Magyar'}]",Released,Lawnmower Man 2: Beyond Cyberspace,2.8,32.0,The Lawnmower Man Collection,New Line Cinema,1996,0.0
66,0.0,"[{'id': 18, 'name': 'Drama'}, {'id': 10751, 'name': 'Family'}]",40628,en,"It's a hot summer day in 1933 in South Philly, where 12-year old Gennaro lives with his widowed mom and his ailing grandpa, who sits outside holding tight to his last quarter, which he's promised to Gennaro and which Gennaro would like to have to buy a ticket to the plush new movie theater. But grandpa's not ready to pass on the quarter or pass on to his final reward: he has some unfinished business with a woman from his past, and he enlists Gennaro to act as his emissary.",4.046208,1995-10-22,0.0,85.0,"[{'iso_639_1': 'en', 'name': 'English'}]",Released,Two Bits,5.4,11.0,,Miramax Films,1995,0.0
67,0.0,"[{'id': 35, 'name': 'Comedy'}, {'id': 10749, 'name': 'Romance'}]",4482,fr,"After learning of her husband's infidelities, a housewife invites an itinerant lesbian to move in with them. None of their lives will ever be the same again.",2.518051,1995-02-08,0.0,95.0,"[{'iso_639_1': 'fr', 'name': 'Français'}, {'iso_639_1': 'es', 'name': 'Español'}]",Released,French Twist,6.0,43.0,,"Renn Productions, Les Films Flam, TF1 Films Production, Canal+",1995,0.0
68,3500000.0,"[{'id': 35, 'name': 'Comedy'}]",10634,en,"Craig and Smokey are two guys in Los Angeles hanging out on their porch on a Friday afternoon, smoking and drinking, looking for something to do.",14.56965,1995-04-26,28215918.0,91.0,"[{'iso_639_1': 'en', 'name': 'English'}]",Released,Friday,7.0,513.0,Friday Collection,New Line Cinema,1995,8.061690857142857
69,19000000.0,"[{'id': 27, 'name': 'Horror'}, {'id': 28, 'name': 'Action'}, {'id': 53, 'name': 'Thriller'}, {'id': 80, 'name': 'Crime'}]",755,en,"Seth Gecko and his younger brother Richard are on the run after a bloody bank robbery in Texas. They escape across the border into Mexico and will be home-free the next morning, when they pay off the local kingpin. They just have to survive 'from dusk till dawn' at the rendezvous point, which turns out to be a Hell of a strip joint.",15.339153,1996-01-19,25836616.0,108.0,"[{'iso_639_1': 'en', 'name': 'English'}, {'iso_639_1': 'es', 'name': 'Español'}]",Released,From Dusk Till Dawn,6.9,1644.0,From Dusk Till Dawn Collection,"A Band Apart, Dimension Films, Los Hooligans Productions, Miramax",1996,1.359821894736842
70,50000000.0,"[{'id': 28, 'name': 'Action'}, {'id': 53, 'name': 'Thriller'}, {'id': 10749, 'name': 'Romance'}]",11859,en,"Max Kirkpatrick is a cop who protects Kate McQuean, a civil law attorney, from a renegade KGB team out to terminate her",5.912223,1995-11-03,11534477.0,91.0,"[{'iso_639_1': 'en', 'name': 'English'}, {'iso_639_1': 'es', 'name': 'Español'}]",Released,Fair Game,4.1,54.0,,"Silver Pictures, Warner Bros.",1995,0.23068954
71,0.0,"[{'id': 35, 'name': 'Comedy'}, {'id': 18, 'name': 'Drama'}, {'id': 10749, 'name': 'Romance'}]",28387,en,"After college graduation, Grover's girlfriend Jane tells him she's moving to Prague to study writing. Grover declines to accompany her, deciding instead to move in with several friends, all of whom can't quite work up the inertia to escape their university's pull. Nobody wants to make any big decisions that would radically alter his life, yet none of them wants to end up like Chet, the professional student who tends bar and is in his tenth year of university studies.",3.367276,1995-10-06,718490.0,96.0,"[{'iso_639_1': 'en', 'name': 'English'}]",Released,Kicking and Screaming,7.0,36.0,,"Castleberg Productions, Sandollar Productions",1995,0.0
72,0.0,"[{'id': 18, 'name': 'Drama'}, {'id': 36, 'name': 'History'}]",48750,fr,"In France during World War II, a poor and illiterate man, Henri Fortin (Jean-Paul Belmondo), is introduced to Victor Hugo's classic novel Les Misérables and begins to see parallels between the book and his own life.",1.479446,1995-03-22,0.0,175.0,"[{'iso_639_1': 'fr', 'name': 'Français'}]",Released,Les Miserables,6.6,8.0,,"Les Films 13, Canal+, TF1",1995,0.0
73,0.0,"[{'id': 18, 'name': 'Drama'}, {'id': 10749, 'name': 'Romance'}]",20927,en,"The seeds of love are planted when Lisa, a high-powered investment banker, receives flowers from a secret admirer. But when his fairy-tale fantasies clash with her workaholic ways, they soon find out that sometimes, it's harder than it seems for love to conquer all.",10.412194,1996-01-26,19030691.0,87.0,"[{'iso_639_1': 'en', 'name': 'English'}]",Released,Bed of Roses,5.1,27.0,,"New Line Cinema, Juno Pix",1996,0.0
74,15000000.0,"[{'id': 35, 'name': 'Comedy'}, {'id': 10751, 'name': 'Family'}]",36929,en,"A writer returns to his hometown where he faces the childhood nemesis whose life he ultimately ruined, only the bully wants to relive their painful past by torturing him once again.",2.936443,1996-01-26,2042530.0,90.0,"[{'iso_639_1': 'en', 'name': 'English'}]",Released,Big Bully,3.9,16.0,,"Warner Bros., Morgan Creek Productions",1996,0.1361686666666666
75,20000000.0,"[{'id': 27, 'name': 'Horror'}, {'id': 878, 'name': 'Science Fiction'}]",9102,en,"(SIRIUS 6B, Year 2078) On a distant mining planet ravaged by a decade of war, scientists have created the perfect weapon: a blade-wielding, self-replicating race of killing devices known as Screamers designed for one purpose only -- to hunt down and destroy all enemy life forms.",12.758848,1995-09-08,5781885.0,108.0,"[{'iso_639_1': 'en', 'name': 'English'}]",Released,Screamers,6.1,154.0,Screamers Collection,"The Movie Network (TMN), Allegro Films, Fuji Eight Company Ltd., Fries Film Group, Super Ecran, Triumph Films",1995,0.28909425
76,0.0,"[{'id': 99, 'name': 'Documentary'}]",124626,en,"A look into the many lives of Christa Päffgen, otherwise known as Nico; from cutie German mädchen to the first of the supermodels, to glamorous diva of the Velvet Underground, to cult item, junkie and hag. Many faces for the same woman, whom, you realize, just couldn't bring herself to care enough to live.",0.133893,1995-02-18,0.0,70.0,"[{'iso_639_1': 'de', 'name': 'Deutsch'}, {'iso_639_1': 'en', 'name': 'English'}]",Released,Nico Icon,7.3,3.0,,"Zweites Deutsches Fernsehen (ZDF), Ciak Filmproduktion, Bluehorse Films",1995,0.0
77,0.0,"[{'id': 18, 'name': 'Drama'}, {'id': 53, 'name': 'Thriller'}]",27526,en,"After his daughter died in a hit and run, Freddy Gale has waited six years for John Booth, the man responsible, to be released from prison. On the day of release, Gale visits Booth and announces that he will kill him in one week. Booth uses his time to try and make peace with himself and his entourage, and even finds romance. Gale, whose life is spiraling down because of his obsession towards Booth, will bring himself on the very edge of sanity. At he end of the week, both men will find themselves on a collision course with each other.",5.756462,1995-11-15,0.0,111.0,"[{'iso_639_1': 'en', 'name': 'English'}]",Released,The Crossing Guard,6.1,74.0,,Miramax Films,1995,0.0
78,44000000.0,"[{'id': 18, 'name': 'Drama'}, {'id': 53, 'name': 'Thriller'}]",9623,en,"With his gangster boss on trial for murder, a mob thug known as ""the Teacher"" tells Annie Laird she must talk her fellow jurors into a not-guilty verdict, implying that he'll kill her son Oliver if she fails. She manages to do this, but, when it becomes clear that the mobsters might want to silence her for good, she sends Oliver abroad and tries to gather evidence of the plot against her, setting up a final showdown.",6.010579,1996-02-02,0.0,118.0,"[{'iso_639_1': 'en', 'name': 'English'}]",Released,The Juror,5.5,91.0,,Columbia Pictures Corporation,1996,0.0
79,0.0,"[{'id': 10751, 'name': 'Family'}, {'id': 18, 'name': 'Drama'}]",46785,fa,Several people try to take advantage of a little girl's innocence to hustle money her mom gave to her to buy a goldfish with.,1.196256,1995-01-01,0.0,85.0,"[{'iso_639_1': 'fa', 'name': 'فارسی'}]",Released,The White Balloon,7.5,20.0,,"I.R.I.B. Channel 2, Ferdos Films",1995,0.0
80,8000000.0,"[{'id': 18, 'name': 'Drama'}, {'id': 80, 'name': 'Crime'}]",400,en,A mafia film in Tarantino style with a star-studded cast. Jimmy’s “The Saint” gangster career has finally ended. Yet now he finds him self doing favors for a wise godfather known as “The Man with the Plan.”,4.486179,1995-12-01,529766.0,116.0,"[{'iso_639_1': 'en', 'name': 'English'}]",Released,Things to Do in Denver When You're Dead,6.7,87.0,,Miramax Films,1995,0.06622075
81,900000.0,"[{'id': 18, 'name': 'Drama'}, {'id': 35, 'name': 'Comedy'}]",880,nl,"After World War II, Antonia and her daughter, Danielle, go back to their Dutch hometown, where Antonia's late mother has bestowed a small farm upon her. There, Antonia settles down and joins a tightly-knit but unusual community. Those around her include quirky friend Crooked Finger, would-be suitor Bas and, eventually for Antonia, a granddaughter and great-granddaughter who help create a strong family of empowered women.",2.030174,1995-09-12,0.0,102.0,"[{'iso_639_1': 'nl', 'name': 'Nederlands'}]",Released,Antonia's Line,7.2,26.0,,"Bergen Film, Bard Entertainments, NPS Televisie",1995,0.0
82,0.0,"[{'id': 10749, 'name': 'Romance'}, {'id': 18, 'name': 'Drama'}]",146599,en,"This film relates the story of a tightly connected Afro-American community informally called Colored Town where the inhabitants live and depend on each other in a world where racist oppression is everywhere, as told by a boy called Cliff who spent his childhood there. Despite this, we see the life of the community in all its joys and sorrows, of those that live there while others decide to leave for a better life north. For those remaining, things come to a serious situation when one prominent businessman is being muscled out by a white competitor using racist intimidation. In response, the community must make the decision of whether to submit meekly like they always have, or finally fight for their rights.",0.252287,1996-01-26,0.0,115.0,"[{'iso_639_1': 'en', 'name': 'English'}]",Released,Once Upon a Time... When We Were Colored,4.5,2.0,,"BET Pictures, United Image Entertainme",1996,0.0
83,0.0,[],188588,en,"Filmed entirely on location in East Hampton, Long Island, ""Last Summer in the Hamptons"" concerns a large theatrical family spending the last weekend of their summer together at the decades-old family retreat which economic circumstances have forced them to put on the market. Victoria Foyt plays a young Hollywood actress whose visit wreaks havoc on the stellar group of family and friends - led by matriarch Viveca Lindfors and made up of an extraordinary mix of prominent New York actors, directors, and playwrights. In the course of a very unusual weekend, comic as well as serious situations arise, and the family's secrets - of which there are many - begin to unravel.",0.531159,1995-11-22,0.0,108.0,[],Released,Last Summer in the Hamptons,0.0,0.0,,,1995,0.0
84,0.0,"[{'id': 18, 'name': 'Drama'}, {'id': 10749, 'name': 'Romance'}]",8447,en,"In Victorian England, wealthy patriarch Sir Harald Alabaster invites an impoverished biologist, William Adamson, into his home. There, William tries to continue his work, but is distracted by Alabaster's seductive daughter, Eugenia. William and Eugenia begin a torrid romance, but as the couple become closer, the young scientist begins to realize that dark, disturbing things are happening behind the closed doors of the Alabaster manor.",2.15166,1995-09-10,0.0,118.0,"[{'iso_639_1': 'en', 'name': 'English'}]",Released,Angels and Insects,6.3,17.0,,"Playhouse International Pictures, The Samuel Goldwyn Company",1995,0.0
85,38000000.0,"[{'id': 28, 'name': 'Action'}, {'id': 18, 'name': 'Drama'}]",10534,en,Teenage boys discover discipline and camaraderie on an ill-fated sailing voyage.,9.568604,1996-02-02,10300000.0,129.0,"[{'iso_639_1': 'da', 'name': 'Dansk'}, {'iso_639_1': 'en', 'name': 'English'}, {'iso_639_1': 'fr', 'name': 'Français'}, {'iso_639_1': 'de', 'name': 'Deutsch'}]",Released,White Squall,6.3,86.0,,"Hollywood Pictures, Largo Entertainment, Scott Free Productions",1996,0.2710526315789474
86,16000000.0,"[{'id': 12, 'name': 'Adventure'}, {'id': 35, 'name': 'Comedy'}, {'id': 10751, 'name': 'Family'}]",17414,en,"Hotel manager Robert Grant is forced by his boss to postpone his family vacation when a hotel critic checks in. Trouble is, the critic is really a villainous jewel thief with an orangutan assistant named Dunston. When Dunston gets loose and tries to escape a life of crime -- aided by Robert's sons -- havoc, hijinks and lots of laughs abound!",4.814825,1996-01-12,0.0,88.0,"[{'iso_639_1': 'en', 'name': 'English'}, {'iso_639_1': 'fr', 'name': 'Français'}, {'iso_639_1': 'ru', 'name': 'Pусский'}]",Released,Dunston Checks In,5.1,59.0,,"Twentieth Century Fox Film Corporation, Joe Wizan/Todd Black",1996,0.0
87,0.0,"[{'id': 35, 'name': 'Comedy'}]",13997,en,"When dignified Albert Donnelly runs for Governor, his team moves to keep his slow-witted and klutzy younger brother, Mike, out of the eye of the media. To baby-sit Mike, the campaign assigns sarcastic Steve, who gets the experience of a lifetime when he tries to take Mike out of town during the election.",8.963037,1996-02-01,32.0,87.0,"[{'iso_639_1': 'en', 'name': 'English'}]",Released,Black Sheep,6.0,124.0,,Paramount Pictures,1996,0.0
88,8169363.0,"[{'id': 80, 'name': 'Crime'}, {'id': 18, 'name': 'Drama'}, {'id': 53, 'name': 'Thriller'}]",2086,en,"Gene Watson is a public accountant who arrives on a train at Union Station in Los Angeles, accompanied by his 6-year-old daughter Lynn. Because of his ordinary looks, he is approached by a pair of sinister people named Smith and Jones.",6.848591,1995-11-22,8175346.0,90.0,"[{'iso_639_1': 'en', 'name': 'English'}]",Released,Nick of Time,6.1,190.0,,Paramount Pictures,1995,1.000732370443081
89,0.0,"[{'id': 18, 'name': 'Drama'}]",61548,en,"The Journey of August King is a multi-dimensional drama about a North Carolina farmer in 1815. August King, a widower, is on his way home as he does every year after selling his produce and purchasing the stock and goods he will need to survive the winter. On his journey, he comes upon a run-away slave, a young woman about 19 and August King must decide to violate the law and help this slave to freedom or else leave her to be hunted down and, ultimately, returned to her slave owner.",0.411424,1995-09-14,0.0,91.0,"[{'iso_639_1': 'en', 'name': 'English'}]",Released,The Journey of August King,6.7,3.0,,"Miramax Films, Addis Wechsler Pictures",1995,0.0
90,47000000.0,"[{'id': 18, 'name': 'Drama'}, {'id': 27, 'name': 'Horror'}, {'id': 53, 'name': 'Thriller'}, {'id': 10749, 'name': 'Romance'}]",9095,en,"A housemaid falls in love with Dr. Jekyll and his darkly mysterious counterpart, Mr. Hyde.",12.866139,1996-02-23,12379402.0,104.0,"[{'iso_639_1': 'en', 'name': 'English'}]",Released,Mary Reilly,5.7,77.0,,"TriStar Pictures, NFH Productions",1996,0.2633915319148936
91,14000000.0,"[{'id': 35, 'name': 'Comedy'}, {'id': 27, 'name': 'Horror'}, {'id': 10749, 'name': 'Romance'}]",12158,en,"Maximillian, the lone survivor of a race of vampires, comes to Brooklyn in search of a way to live past the next full moon. His ticket to survival is Rita, a NYPD detective who doesn't know she's half vampire -- and Maximillian will do whatever's necessary to put her under his spell.",9.071127,1995-10-26,19800000.0,100.0,"[{'iso_639_1': 'en', 'name': 'English'}]",Released,Vampire in Brooklyn,4.5,113.0,,Paramount Pictures,1995,1.4142857142857144
92,0.0,"[{'id': 35, 'name': 'Comedy'}, {'id': 18, 'name': 'Drama'}, {'id': 10749, 'name': 'Romance'}]",9283,en,"During a snowy winter in the small fictional town of Knight""s Ridge, Massachusetts, a group of lifelong buddies hang out, drink and struggle to connect with the women who affect their decisions, dreams and desires.",4.670562,1996-02-09,0.0,112.0,"[{'iso_639_1': 'en', 'name': 'English'}]",Released,Beautiful Girls,6.6,103.0,,"Miramax Films, Woods Entertainment",1996,0.0
93,50000000.0,"[{'id': 28, 'name': 'Action'}, {'id': 12, 'name': 'Adventure'}, {'id': 18, 'name': 'Drama'}, {'id': 53, 'name': 'Thriller'}]",9208,en,"When rogue stealth-fighter pilot Vic Deakins deliberately drops off the radar while on maneuvers, the Air Force ends up with two stolen nuclear warheads -- and Deakins's co-pilot, Riley Hale, is the military's only hope for getting them back. Traversing the deserted canyons of Utah, Hale teams with park ranger Terry Carmichael to put Deakins back in his box.",14.957626,1996-02-09,150270147.0,108.0,"[{'iso_639_1': 'en', 'name': 'English'}]",Released,Broken Arrow,5.7,459.0,,"Twentieth Century Fox Film Corporation, WCG Entertainment Productions, Mark Gordon Productions",1996,3.00540294
94,0.0,"[{'id': 35, 'name': 'Comedy'}]",40154,en,"Out of work actor Joe volunteers to help try and save his sister's local church for the community by putting on a Christmas production of Hamlet, somewhat against the advice of his agent Margaretta. As the cast he assembles are still available even at Christmas and are prepared to do it on a 'profit sharing' basis (that is, they may not get paid anything) he cannot expect - and does not get - the cream of the cream. But although they all bring their own problems and foibles along, something bigger starts to emerge in the perhaps aptly named village of Hope.",0.513391,1995-12-01,0.0,99.0,"[{'iso_639_1': 'en', 'name': 'English'}]",Released,A Midwinter's Tale,7.5,6.0,,"Castle Rock Entertainment, Midwinter Films",1995,0.0
95,3000000.0,"[{'id': 18, 'name': 'Drama'}]",406,fr,"Aimlessly whiling away their days in the concrete environs of their dead-end suburbia, Vinz, Hubert, and Said -- a Jew, African, and an Arab -- give human faces to France's immigrant populations, their bristling resentment at their social marginalization slowly simmering until it reaches a climactic boiling point. La Haine means Hate.",12.108196,1995-05-31,0.0,98.0,"[{'iso_639_1': 'fr', 'name': 'Français'}]",Released,La Haine,7.9,695.0,,"Egg Pictures, PolyGram Filmed Entertainment, Canal+, Les Productions Lazennec, La Sept Cinéma, Kasso Inc. Productions, Studio Image, Cofinergie 6",1995,0.0
96,0.0,"[{'id': 28, 'name': 'Action'}, {'id': 12, 'name': 'Adventure'}, {'id': 18, 'name': 'Drama'}, {'id': 878, 'name': 'Science Fiction'}, {'id': 53, 'name': 'Thriller'}]",45549,en,"A dark, hip, urban story of a barren and anonymous city where the underclass' sport of choice is ram-raiding. An exciting game in which stolen cars are driven through shop windows to aid large-scale looting before the police arrive. For Tommy, it's a business, but for Billy and Jo, it's a labour of love. As the competition between Tommy and Billy grows more fierce, the stakes become higher and the ""shopping"" trips increasingly risky.",2.657647,1994-12-06,0.0,105.0,"[{'iso_639_1': 'en', 'name': 'English'}]",Released,Shopping,5.6,13.0,,Channel Four Films,1994,0.0
97,0.0,"[{'id': 99, 'name': 'Documentary'}]",63076,en,"A documentary crew from the BBC arrives in L.A. intent on interviewing Heidi Fleiss, a year after her arrest for running a brothel but before her trial. Several months elapse before the interview, so the crew searches for anyone who'll talk about the young woman. Two people have a lot to say to the camera: a retired madam named Alex for whom Fleiss once worked and Fleiss's one-time boyfriend, Ivan Nagy, who introduced her to Alex. Alex and Nagy don't like each other, so the crew shuttles between them with ""she said"" and ""he said."" When they finally interview Fleiss, they spend their time reciting what Alex and Nagy have had to say and asking her reaction.",0.638211,1995-12-27,0.0,106.0,"[{'iso_639_1': 'en', 'name': 'English'}]",Released,Heidi Fleiss: Hollywood Madam,6.8,4.0,,"British Broadcasting Corporation (BBC), Westdeutscher Rundfunk (WDR), Canadian Broadcasting Corporation (CBC), Cinemax Reel Life, InPictures, Lafayette Films",1995,0.0
98,0.0,"[{'id': 18, 'name': 'Drama'}, {'id': 53, 'name': 'Thriller'}]",11062,en,"The accidental shooting of a boy in New York leads to an investigation by the Deputy Mayor, and unexpectedly far-reaching consequences.",4.807223,1996-02-16,0.0,111.0,"[{'iso_639_1': 'en', 'name': 'English'}]",Released,City Hall,6.0,67.0,,"Columbia Pictures, Castle Rock Entertainment",1996,0.0
99,7000000.0,"[{'id': 35, 'name': 'Comedy'}, {'id': 80, 'name': 'Crime'}, {'id': 18, 'name': 'Drama'}]",13685,en,"Upon his release from a mental hospital following a nervous breakdown, the directionless Anthony joins his friend Dignan, who seems far less sane than the former. Dignan has hatched a hair-brained scheme for an as-yet-unspecified crime spree that somehow involves his former boss, the (supposedly) legendary Mr. Henry.",6.904831,1996-02-21,560069.0,91.0,"[{'iso_639_1': 'es', 'name': 'Español'}, {'iso_639_1': 'en', 'name': 'English'}]",Released,Bottle Rocket,6.8,285.0,,"Gracie Films, Columbia Pictures Corporation",1996,0.0800098571428571
